nome,tipo,indirizzo,telefono,email,sito_web,orari,latitudine,longitudine
SPORTELLO DI CARPENEDOLO,Sportello,"Piazza Matteotti, 3 (presso Punto di Comunità), CARPENEDOLO, (BS)",3392182840 (numero attivo in orari di apertura),sportellocav.carpenedolo@gmail.com,,": martedì dalle 14.00 alle 17.00, venerdì dalle 9.00 12.00",45.365014,10.430351
CENTRO ANTIVIOLENZA CHIARE ACQUE,Centro,"Via Fantoni 86, SALO`, (BS)",3349713199,info@centroantiviolenzachiareacque.it,https://www.centroantiviolenzachiareacque.it,"Lunedì e mercoledì dalle 9:00 alle 12:00; martedì, giovedì e venerdì dalle 14:30 alle 17:30",45.60732,10.53243
SPORTELLO DI GARDONE VAL TROMPIA,Sportello,"Via San Francesco D'Assisi, 21013, GARDONE VALTROMPIA, (BS)",335 7240973,antiviolenzavalletrompia@gmail.com,,": martedì, venerdì e sabato dalle 9:30 alle 12:30; mercoledì e giovedì dalle 15:00 alle 18:00",45.67935407818287,10.184234681681223
SPORTELLO DI GHEDI,Sportello,"Largo della Pace, GHEDI, (BS)",3392182840 (numero attivo in orari di apertura),sportelloghedi@centroantiviolenzachiareacque.it,,: mercoledì e venerdì dalle 14.00 alle 17.00,45.401902,10.27722
SPORTELLO DI SABBIO CHIESE,Sportello,"Via Caduti, 1 (presso Municipio), SABBIO CHIESE, (BS)",3392182840 (numero attivo in orari di apertura),sportellosabbiochiese@centroantiviolenzachiareacque.it,,": lunedì dalle 14.30 alle 17.30, mercoledì dalle 9.00 alle 12.00",45.657303,10.418219
EOS - CENTRO ASCOLTO DONNA,Centro,"Via C. Robbioni, 14, 21100, VARESE, (VA)",0332/231271,info@eosvarese.it,http://www.eosvarese.org,Dal lunedì al venerdì 9:00-12:00 - lunedì e giovedì anche 15:30-18:00. Il servizio di reperibilità telefonica è garantito 24 ore su 24 al numero 370 3264428,45.818828,8.824109
SVS DONNA AIUTA DONNA,Centro,"Via Oglio 21, 20122, MILANO, (MI)",3336532651 - 02/39628739,coordinamento@svsdad.it,http://www.svsdad.it,"lunedì, martedì e venerdì dalle 10:00 alle 16:30; mercoledì dalle 9:00 alle 16:30 e giovedì dalle 12:00 alle 17:30",45.45882,9.196992
CENTRO ANTIVIOLENZA ICORE,Centro,"Via Italia, 151, 20017, MARNATE, (VA)",0331/618959,ass.icore@gmail.com,https://www.centroantiviolenzaicore.com/,"Lunedì, mercoledì e venerdì 9:00-12:00; martedì e giovedì 15:00-18:00. In caso di emergenza345 6062090",45.628602723427015,8.89943301051391
SPORTELLO DI TRADATE,Sportello,"Piazza Unità d'Italia, 1, TRADATE, (VA)",0331618959,ass.icore@gmail.com,,: Martedì dalle 9:00 alle 12:00 e venerdì dalle 14:00 alle 17:00,45.70403340945835,8.920798568186672
CENTRO DONNA SAN DONATO,Centro,"Via Cesare Battisti 2, 20097, 20097, SAN DONATO MILANESE, (MI)",02 36527138,centroantiviolenza@fondazionesomaschi.it,http://urly.it/312gjb,Lunedì 14-17; martedì 13-16; mercoledì 9-12; giovedì 14-17; venerdì 13-16,45.41688077910394,9.26544312659088
SPORTELLO DI PESCHIERA BORROMEO,Sportello,"Via 2 Giugno, 6, PESCHIERA BORROMEO, (MI)",02 36527138,cavsandonato@fondazionesomaschi.it,,: Mercoledì 13.00-16.00; venerdì 9.00-12.00,45.43182349527481,9.311332255426647
CENTRO ANTIVIOLENZA MAI DA SOLE,Centro,"Viale Marotta, 8, 20134, MILANO, (MI)",02/21786390,maidasole@ceasmarotta.it,https://centroambrosianodisolidarieta.org/mai-da-sole-2/,da lunedì a venerdì dalle 10:00 alle 17:00,45.501318,9.253392
CENTRO ANTIVIOLENZA R.I.T.A.,Centro,"Via Chiesa San Grisogono, 18, 24068, SERIATE, (BG)",035 303266,centrorita@aiutodonna.it,https://www.aiutodonna.it/seriate-centro-r-i-t-a/,dalle 9:00 alle 12:00 e dalle 14:00 alle 17:00. Segreteria telefonica attiva 24 ore su 24,45.685877,9.719409
AIUTO DONNA,Centro,"Via XXIV Maggio, 30, 24122, BERGAMO, (BG)",3896177714,info@aiutodonna.it,http://www.aiutodonna.it,dalle 9:00 alle 12:00 e dalle 14:00 alle 17:00,45.692532,9.662094
TELEFONO DONNA - VIMERCATE,Centro,"Largo Pontida, 16, 20871, VIMERCATE, (MB)",039/5989614,td.vimercate@gmail.com,http://www.telefonodonna.it,"lunedì, mercoledì e venerdì dalle 9:30 alle 12:30; martedì e giovedì dalle 14:30 alle 17:30. Reperibilità telefonica, 24 ore su 24, al 342 7526407.",45.61329,9.369426
SPORTELLO DI CREMA,Sportello,"Via Mercato, 27, CREMA, (CR)",037380999 / 3393506466,,,,45.36263214517138,9.680803283511603
ASSOCIAZIONE DONNE CONTRO LA VIOLENZA ONLUS,Centro,"Via Mercato, 27, 26013, CREMA, (CR)",037380999 - 3393506466,associazionecontroviolenza@gmail.com,http://www.controlaviolenza.com,Dal lunedì al sabato dalle 9:00 alle 12:00; il martedì anche dalle 15:00 alle 18:00,45.362738,9.680793
CENTRO ANTIVIOLENZA WHITE MATHILDA - DESIO,Centro,"Via Garibaldi, 46, 20832, DESIO, (MB)",0362/621494 - 366/4150907,info@whitemathilda.org,https://whitemathilda.altervista.org/centro-antiviolenza/,dal lunedì al venerdì dalle 14:30 alle 18:30,45.615609,9.206395
CENTRO ANTIVIOLENZA DONNE E DIRITTI,Centro,"Via Barbolini, 4, 25047, DARFO BOARIO TERME, (BS)",0364/536632 - 3383706588,centroantiviolenza@terreunite.it,http://www.reteantiviolenzavallecamonica.it,Dal lunedì al venerdì 9:00-12:00 - mercoledì anche 14:30-17:30,45.87528,10.180319
DONNA SI-CURA,Centro,"Via Mazzini, 149, 21028, TRAVEDONA - MONATE, (VA)",0332/977735,donnasicura.tm@gmail.com,http://www.donnasicura.org,"Lunedì, giovedì e venerdì 9:30-12:30; martedì e mercoledì 15:30-18:30",45.80306,8.674041
SPORTELLO DI CODOGNO - PRESSO IL PRESIDIO OSPEDALIERO ASST DI LODI,Sportello,"Viale Guglielmo Marconi, 1, 26845, CODOGNO, (LO)",3313495221,orsaminoreonlus@gmail.com,,: Apertura previo appuntamento,45.159738,9.710961
CENTRO ANTIVIOLENZA LA METÀ DI NIENTE,Centro,"Via Paolo Gorini, 21, 26900, LODI, (LO)",3313495221,orsaminoreonlus@gmail.com,https://centroantiviolenzalodi.it/,dal lunedì al venerdì 09:00-12:00,45.311521,9.5074
RETE ROSA ONLUS,Centro,"Via Petrarca, 1 (angolo via Piave), 21047, SARONNO, (VA)",0221065826,segreteria@reterosa.eu,http://www.reterosa.eu,"lunedì e venerdì 14:30-17:30 - martedì, mercoledì e giovedì 9:30-12:30",45.619152,9.047039
SPORTELLO DI CHIAVENNA,Sportello,"Via Lena Perpenti, 8/10, CHIAVENNA, (SO)",3881841121,sportellofridachiavenna@gmail.com,,: Martedì dalle 14:00 alle 17:00; venerdì dalle 9:30 alle 12:30,46.320096728317544,9.401056738160092
IL CORAGGIO DI FRIDA,Centro,"Via Fracaiolo, 3, 23100, SONDRIO, (SO)",335346178 - 03421900726,coraggiodifrida@gmail.com,https://www.ilcoraggiodifrida.it/,Lunedì e Giovedì 9:00-12:00 - Martedì 14:00-17:00 - Mercoledì 10:00-13:00 - Venerdì 11:00-14:00. Troverai attiva una segreteria telefonica su cui puoi lasciare un messaggio e sarai ricontattata nell’arco delle 24 ore successive.,46.174027,9.870013
SPORTELLO DI MERATE,Sportello,"Vicolo Carbonini, 10, MERATE, (LC)",3407218672,,,,45.698121626888536,9.416061468186403
L'ALTRA METÀ DEL CIELO - TELEFONO DONNA DI MERATE,Centro,"Via Sant'Ambrogio, 17, 23807, MERATE, (LC)",3407218672,presidente@altrametadelcielo.org,http://www.altrametadelcielo.org,Lunedì 16:00-18:00 - Mercoledì 10:30-12:30 - Venerdì 15:00-17:00 - Sabato dalle 9.00 alle 12.00 (sportello Antistalking),45.697979,9.42006
ASSOCIAZIONE ONLUS M.I.A. MOVIMENTO INCONTRO ASCOLTO,Centro,"Via A. Grandi, 28, 26041, CASALMAGGIORE, (CR)",3779489384,gruppomia@gmail.com,,Dal lunedì al venerdì dalle 14:30 alle 18:30,44.98361,10.42219
CENTRO ANTIVIOLENZA MARIANO COMENSE DI ASSOCIAZIONE PENTA,Centro,"Via Santo Stefano, 40, 20134, MARIANO COMENSE, (CO)",3389439340,info@pentamariano.org,http://www.pentamariano.org,"Martedì, mercoledì, giovedì e sabato dalle 10:00 alle 13:00; lunedì e venerdì dalle 15 alle 18:00",45.69688184366856,9.176625539351592
SPORTELLO DI ORZINUOVI,Sportello,"via Pavoni, 35, 25080, ORZINUOVI, (BS)",3420607197,associazione@retedidaphne.it,,: Martedì dalle 14:00 alle 17:00; giovedì dalle 14:00 alle 17:00,45.401725365449295,9.932316010504424
SPORTELLO DI PALAZZOLO SULL'OGLIO,Sportello,"via Zanardelli, 73, PALAZZOLO SULL`OGLIO, (BS)",3401938237,associazione@retedidaphne.it,,: Martedì dalle 14:00 alle 17:00; giovedì dalle 9.30 alle 12.30,45.596431,9.881263
SPORTELLO DI CHIARI,Sportello,"via Valmadrera,10, CHIARI, (BS)",3499530729,associazione@retedidaphne.it,,: Lunedì dalle 9:00 alle 11:00; martedì dalle 16:00 alle 18:00; venerdì dalle 14:00 alle 16:00,45.537275,9.931524
SPORTELLO DI ISEO,Sportello,"Vicolo Sombrico, 1, ISEO, (BS)",3470777530,associazione@retedidaphne.it,,": Lunedì, mercoledì, giovedì e venerdì dalle 9:00 alle 12:00; martedì dalle 15:00 alle 18:00",45.660760694817604,10.05031623980622
RETE DI DAPHNE,Centro,"Vicolo della Manica, 9, 23807, ISEO, (BS)",333/3308263,associazione@retedidaphne.it,https://www.retedidaphne.vibra.re/,"Lunedì 10:00-11:30 - Mercoledì 10:00-11:30 - Giovedì 15:00-17:00. È sempre ativa una linea telefonica al 3392226941 per una preliminare verifica della situazione, delle condizioni psico-fisiche della chiamante e della situazione di rischio",45.661458,10.05014
SPORTELLO DI COLOGNO MONZESE (VE.NU.S),Sportello,"Via Filippo Turati 1, 20093, Cologno Monzese (MI)",02-80298484,centrovenus.info@gmail.com,,Lunedì: 15:00-18:00 | Giovedì: 9:00-12:00,45.52385025084485,9.277539266335518
CENTRO ANTIVIOLENZA VE.NU.S (Cinisello Balsamo),Centro,"Via Gorki, 50, 20092, CINISELLO BALSAMO, (MI)",02-22199730,centrovenus.info@gmail.com,http://www.losportellodonna.it,Lunedì: 9:00-12:00 | Martedì: 15:00-19:00 | Mercoledì: 9:00-12:00 | Giovedì: 15:00-19:00 | Venerdì: 9:00-12:00 | Sabato: 9:00-12:00,45.546573,9.215505
SPORTELLO DI SESTO SAN GIOVANNI (VE.NU.S),Sportello,"Piazza Oldrini 120, 20099, Sesto San Giovanni (MI)",02-2496825,centrovenus.info@gmail.com,,Mercoledì: 15:00-18:00 | Venerdì: 9:00-12:00,45.53643694820437,9.230901354684098
SPORTELLO DI NAVE,Sportello,"via Zanardelli, 57, NAVE, (BS)",3311276110,antiviolenzavalletrompia@gmail.com,,: Martedì dalle 15:00 alle ore 18:00.,45.58842514999722,10.25696364119065
SPORTELLO DI LUMEZZANE,Sportello,"via Monsuello, 154, LUMEZZANE, (BS)",3311276117,antiviolenzavalletrompia@gmail.com,,: Lunedì dalle 15:00 alle 18:00,45.65035989236594,10.261916410968272
CENTRO ANTIVIOLENZA VIVADONNA,Centro,"Via San Francesco d'Assisi, GARDONE VALTROMPIA, (BS)",3357240973,antiviolenzavalletrompia@gmail.com,https://www.vivadonna.it,"Martedì dalle 09:30 alle 12:30, mercoledì e giovedì dalle 15:00 alle 18:00, venerdì e sabato dalle 09:30 alle 12:30",45.68263,10.18334
SPORTELLO DI BRUGHERIO,Sportello,"Via Oberdan, 83, 24053, BRUGHERIO, (MB)",3338399968,sportelloanativiolenzabrugherio@gmail.com,,: Martedì dalle 9:30 alle 12:30; venerdì dalle 14:30 alle 17:30,45.550230375608635,9.307930739345428
CENTRO ANTIVIOLENZA MITTATRON - RETE ARTEMIDE,Centro,"Via Como, 57, 20134, LISSONE, (MB)",362621494,sportelloantiviolenza@ambitocaratebrianza.it,https://www.mittatron.it/,"Lunedì, martedì e giovedì dalle 14:30 alle 17:30; mercoledì e venerdì dalle 9:30 alle 12:30",45.61845186161424,9.23467956818309
DONNE INSIEME CONTRO LA VIOLENZA ONLUS,Centro,"Via dei Pini, 8, 20090, PIEVE EMANUELE, (MI)",02/90420110,info@donneinsieme.org,https://www.donneinsieme.org/,Lunedì e martedì dalle 10:00 alle 13:00; martedì anche su appuntamento dalle 17:00 alle 19.30; mercoledì dalle 15:00 alle 18:00; giovedì dalle 17:00 alle 20:00 e su appuntamento dalle 9:30 alle 11.30; venerdì dalle 15:00 alle 18:00,45.349417,9.199078
SPORTELLO DI ROZZANO,Sportello,"Viale Liguria, 3, 24058, ROZZANO, (MI)",0257514156,rozzano@donneinsieme.org,,: Mercoledì dalle 14:00 alle 17:00; venerdì dalle 9:30 alle 12:30,45.38001224580392,9.150319623999101
C.A.DO.M. CENTRO AIUTO DONNE MALTRATTATE,Centro,"Via Mentana, 43, 20900, MONZA, (MB)",0392840006,info@cadom.it,http://www.cadom.it,"Martedì, mercoledì, giovedì e sabato dalle 9:00 alle 12:00; lunedì, martedì, mercoledì, giovedì e venerdì dalle 14:30 alle 17:30; giovedì dalle 20:00 alle 22:30",45.577999,9.282013
A.I.D.A. ONLUS,Centro,"Via Palestro, 28, 26100, CREMONA, (CR)",0372/801427,info@aidacremona.it,https://www.aidacremona.it/,"Dal lunedì al venerdì 9:00-12:30, martedì, mercoledì e giovedì anche dalle 13.30 alle 17.30. Attivo il numero 338 960 4533 dalle 8:00 alle 20:00 tutti i giorni, festivi compresi. La segreteria telefonica è attiva 24 ore su 24",45.139101,10.019942
TELEFONO ROSA MANTOVA,Centro,"Via Indipendenza, 2, MANTOVA, (MA)",0376225656,telefonorosamantova@gmail.com,http://www.telefonorosamantova.it,"lunedì, martedì, giovedì e venerdì 18:00-20:00 - mercoledì 9:00-11:00. Reperibilità telefonica, 24 ore su 24, al numero 3489910043.",45.162111,10.792053
SPORTELLO DI ALMENNO SAN BARTOLOMEO,Sportello,"Via Montale, 24, 20122, ALMENNO SAN BARTOLOMEO, (BG)",035851782 (int.3),centroantiviolenzapenelope@centrosirio.it,,: Giovedì dalle 9:00 alle 12:00,45.73658752514525,9.576320168187989
CENTRO ANTIVIOLENZA PENELOPE,Centro,"Via San Carlo, 32, 20134, SAN PELLEGRINO TERME, (BG)",3341046230,centroantiviolenzapenelope@centrosirio.it,https://siriocsf.it/servizi-per-le-donne/centro-antiviolenza-valle/,"Lunedì dalle 9:30 alle 12:30; martedì, mercoledì, giovedì dalle 15.00 alle 18.00; venerdì dalle 9.30 alle 12.30",45.838225611980555,9.663863524018234
SPORTELLO DI SANT'OMOBONO TERME,Sportello,"Via Vanoncini, 20, SANT`OMOBONO TERME, (BG)",035851782 (int.3),centroantiviolenzapenelope@centrosirio.it,,: Lunedì dalle 13.30 alle 16.30,45.813060231616426,9.576320168187989
SPORTELLO DI RIVOLTA D’ADDA,Sportello,"Via Giacomo Renzi, 5, 26027, RIVOLTA D`ADDA, (CR)",0363301773,info@centrosirio.it,,: Giovedì 17:00-19:00,45.472409,9.50859
SPORTELLO DI CASTEL ROZZONE,Sportello,"Piazza Castello, 2, 24040, CASTEL ROZZONE, (BG)",0363301773,info@centrosirio.it,,: Il 2° e il 4° Giovedì del mese 10:00-13:00,45.555314,9.623552
SPORTELLO DI ROMANO DI LOMBARDIA,Sportello,"Via S. Francesco d'Assisi, 12, 24058, ROMANO DI LOMBARDIA, (BG)",0363990254,info@centrosirio.it,,: Lunedì 14:00-17:00 - Giovedì 9:00-12:00,45.519366,9.751406
CENTRO ANTIVIOLENZA SPORTELLO DONNA,Centro,"Via Roggia Vignola, 18, 24047, TREVIGLIO, (BG)",0363301773,info@centrosirio.it,http://www.siriocsf.it,Dal lunedì al giovedì 8:30-12:30 e 13:30-17:30; venerdì 8:30-12:30 e 13:30-15:30; sabato 9:00-12:00,45.512496,9.590289
SPORTELLO DI BRIGNANO GERA D’ADDA,Sportello,"Via Vittorio Emanuele II°, 36/a, 24053, BRIGNANO GERA D`ADDA, (BG)",0363301773,info@centrosirio.it,,: Il 1° e il 3° Lunedì del mese 10:00-13:00,45.54583,9.648847
CERCHI D'ACQUA,Centro,"Via Verona, 9, 20135, MILANO, (MI)",3317485056,amministrazione@cerchidacqua.org,http://www.cerchidacqua.org,Dal lunedì al venerdì dalle 10:00 alle 18:00,45.449819,9.203756
CENTRO ANTIVIOLENZA ERSILIA BRONZINI,Centro,"Via Giovanni Pacini, 20, MILANO, (MI)",3316405349,centroantiviolenza@asilomariuccia.com,https://www.asilomariuccia.com/,"Martedì, mercoledì e giovedì dalle 9:00 alle 14:00; lunedì e venerdì dalle 14:00 alle 19:00",45.48183996336212,9.22823112584698
CENTRO DONNE MANTOVA,Centro,"Via Giovanni Falcone, 1, 46034, BORGO VIRGILIO, (MA)",3899151596,info@centrodonnemantova.it,https://centrodonnemantova.com/,"Lunedì, mercoledì, giovedì e venerdì dalle 15:00 alle 18:00; martedì dalle 10:00 alle 13:00",45.11632,10.797959
SPORTELLO DI ASSAGO,Sportello,"Via Duccio da Buoninsegna, 9, 20122, ASSAGO, (MI)",3291219666,cavcorsico@fondazionesomaschi.it,,: martedì dalle 9:00 alle 12:00; giovedì dalle 14:00 alle 17:00,45.40806637992429,9.130269168174262
CENTRO ANTIVIOLENZA LA STANZA DELLO SCIROCCO,Centro,"Via Marzabotto, 12, 20094, CORSICO, (MI)",800049722,cavcorsico@fondazionesomaschi.it,,"Lunedì, giovedì e venerdì dalle 10:00 alle 13:00; martedì e mercoledì dalle 14:00 alle 17:00",45.440126,9.095869
CAV FELICITA MORANDI,Centro,"via F. Del Ponte angolo p.zza Biroldi, VARESE, (VA)",0332/299501,cav@etsfondazione.com,https://www.felicitamorandi.it/,Dal lunedì al venerdì dalle 14:30 alle 17:30,45.81516592022103,8.834793875541193
COOPERATIVA SOCIALE KORE ONLUS,Centro,"C.so Torino, 36/B, 27029, VIGEVANO, (PV)",3519521151,cooperativa@korecooperativa.it,https://www.korecooperativa.it/,Dal lunedì al venerdì 9:00-12:00. Il servizio di reperibilità telefonica è garantito 24 ore su 24 al numero349 2827999,45.311243,8.846989
SPORTELLO DI VIGEVANO - OSPEDALE CIVILE,Sportello,"Corso Milano, 19, 27029, VIGEVANO, (PV)",3519521151,cooperativa@korecooperativa.it,,: Martedì e mercoledì dalle 9:00 alle 12:00,45.321269,8.865537
SPORTELLO DI VIGEVANO - CLINICA ISTITUTO BEATO MATTEO,Sportello,"Corso Pavia, 84, 27029, VIGEVANO, (PV)",3519521151,cooperativa@korecooperativa.it,,: giovedi 9:00-12:00,45.306969,8.869613
SOCCORSO VIOLENZA SESSUALE E DOMESTICA,Centro,"Via della Commenda, 12, 20122, MILANO, (MI)",02/55038585,svsed@policlinico.mi.it,https://is.gd/Hbd86I,"dal lunedì al venerdì 9:00-18:00 e sabato 9:00-14:00. Reperibilità telefonica garantita, 24 ore su 24, allo 02 55038585 per violenza domestica e allo 02 55032489 per violenza sessuale.",45.45882,9.196992
SPORTELLO DI ABBIATEGRASSO,Sportello,"Via Pontida, 22, 20122, ABBIATEGRASSO, (MI)",3802831465,,,,45.40315139434264,8.921984725843705
CENTRO ANTIVIOLENZA TELEFONO DONNA,Centro,"Piazza Ospedale Maggiore, 3, 20162, MILANO, (MI)",02/64444008,telefonodonnaonline@libero.it,http://www.telefonodonna.it,Dal lunedì al venerdì 9:30-17:30,45.509958,9.186062
CENTRO DI AIUTO ALLA VITA MANTOVA,Centro,"Via Vittorino da Feltre, 46, 46100, MANTOVA, (MA)",0376325737,sosviolenza@centroaiutovitamantova.it,http://www.centroaiutovitamantova.it,"Martedì, mercoledì, giovedì e venerdì dalle 9:30 alle 11:30; lunedì e mercoledì dalle 15:30 alle 17:30. SOS Antiviolenza 349 9011590 - sms 388 8989250",45.150035,10.791079
SPORTELLO DI FERNO,Sportello,"via Roma, 51, FERNO, (VA)",3345369630,info@centroantiviolenzaeva.it,,: Lunedì dalle 14:30 alle 17:30 e giovedì dalle 10:30 alle 13:30,45.614193850780545,8.753511524453122
SPORTELLO DI GALLARATE,Sportello,"Via Ferraris, 9, 21013, GALLARATE, (VA)",3345369630,info@centroantiviolenzaeva.it,,: Martedì 14:30-17:30 - Mercoledì 9:00-12:00,45.656709,8.78926
E.VA ONLUS,Centro,"Via Alberto da Giussano, 12, 21052, BUSTO ARSIZIO, (VA)",3345369630,info@centroantiviolenzaeva.it,http://www.evaonlus.it,Dal lunedì al venerdì 9:00-12:00 - in altri orari si riceve su appuntamento,45.613679,8.849096
CAV ASCOLTA CHI PARLA,Centro,"Via Trento, 5, TERNO D`ISOLA, (BG)",035/19910067,centroascoltachiparla@aiutodonna.it,https://www.aiutodonna.it/terno-disola-centro-ascolta-chi-parla/,Dalle 9:00 alle 12:00 e dalle 14:00 alle 17:00,45.686376762114726,9.529383653309463
TELEFONO DONNA - LECCO,Centro,"Via Solferino, 13A, 23900, LECCO, (LC)",0341363484,teldonnalecco@gmail.com,http://www.telefonodonnalecco.it,lunedì e venerdì dalle 09:00 alle 12:00; martedì dalle 17:00 alle 19:00; mercoledì e giovedì dalle 15:00 alle 18:00,45.860351,9.399011
TELEFONO DONNA - MAGENTA,Centro,"Piazza Formenti, 1, 20013, MAGENTA, (MI)",029735411,centroantiviolenzatd@comune.magenta.mi.it,http://www.telefonodonna.it,"lunedì, mercoledì e venerdì dalle 9:30 alle 12:30; martedì e giovedì dalle 14:30 alle 17:30. Reperibilità telefonica, 24 ore su 24, allo 029735411.",45.466064,8.883645
SPORTELLO DI PADERNO DUGNANO,Sportello,"Piazza della Divina Commedia, 3, 25035, PADERNO DUGNANO, (MI)",3664150907,info@whitemathilda.org,,: Lunedì dalle 14:30 alle 17:30,45.567315323073686,9.159359568180948
CENTRO ANTIVIOLENZA WHITE MATHILDA - SEREGNO,Centro,"Via Oliveti, 17, 20832, SEREGNO, (MB)",0362/263411,info@whitemathilda.org,https://whitemathilda.altervista.org/,"lunedì e venerdì dalle 9:30 alle 12:30; martedì, mercoledì, giovedì dalle 15.00 alle 18.00",45.64590078168516,9.212839325853807
SPORTELLO DI MELZO,Sportello,"Via Mantova, 10, MELZO, (MI)",3931660783,centroantiviolenza@fondazionesomaschi.it,,: Lunedì dalle 13:00 alle 16:00; giovedì dalle 9:00 alle 12:00,45.49670357201621,9.42709206633436
CENTRO ANTIVIOLENZA SEGNAVIA,Centro,"Piazza XXV Aprile, 2, 20121, MILANO, (MI)",3295870862,centroantiviolenza@fondazionesomaschi.it,http://www.fondazionesomaschi.it,Dal lunedì al venerdi dalle 9:00 alle 16:00. Richieste di colloquio attivo 24 ore su 24 tutti i giorni dell’anno al 3295870862,45.480174,9.187116
SPORTELLO DI CERNUSCO SUL NAVIGLIO,Sportello,"Via Tizzoni, 1, 24040, CERNUSCO SUL NAVIGLIO, (MI)",3931660783,centroantiviolenza@fondazionesomaschi.it,,: Venerdì dalle 13:00 alle 19:00,45.52412088339921,9.332390597013944
CASA DI ACCOGLIENZA DELLE DONNE MALTRATTATE - CADMI,Centro,"via Piacenza,14 Milano (MI), MILANO, (MI)",02/55019609,amministrazione@cadmi.org,http://www.cadmi.org,Dal lunedì al giovedì dalle 10:00 alle 18:00; venerdì dalle 10:00 alle 16:00,45.44901,9.204564
TELEFONO DONNA - COMO,Centro,"Via Ferrari, 9, 22100, COMO, (CO)",031 304585,segreteria@telefonodonnacomo.it,http://www.telefonodonnacomo.it,"lunedì dalle 9.00 alle 16.00, martedì e giovedì dalle 9.00 alle 14.00, mercoledì e venerdì dalle 13.00 alle 18.00",45.810542,9.090587
SPORTELLO DI COMO,Sportello,"Via Ferrari, 9, COMO, (CO)",031304585,segreteria@telefonodonnacomo.it,,: Lunedì dalle 9:00 alle 16:00; martedì e giovedì dalle 9:00 alle 14:00; mercoledì e venerdì dalle 13:00 alle 18:00,45.81081049433715,9.090517939356362
SPORTELLO DI PIOLTELLO,Sportello,"Via Aldo Moro, 19, PIOLTELLO, (MI)",3931660783,centroantiviolenza@fondazionesomaschi.it,,: Martedì dalle 9:00 alle 12:00; giovedì dalle 13:00 alle 16:00,45.5060598542297,9.32552082400435
SPORTELLO DI TREZZANO ROSA,Sportello,"Piazza XXV Aprile, 1, TREZZANO ROSA, (MI)",3931660783,centroantiviolenza@fondazionesomaschi.it,,: Venerdì dalle 9:00 alle 13:00,45.58335690903133,9.488931425851218
CENTRO ANTIVIOLENZA V.I.O.L.A.,Centro,"Via Verdi, 22, 20062, CASSANO D`ADDA, (MI)",3931660783,centroantiviolenza@fondazionesomaschi.it,http://www.fondazionesomaschi.it,Martedì dalle 14 alle 19:00; mercoledì dalle 9:00 alle 15:00,45.52444,9.520629
SPORTELLO DI BOLLATE,Sportello,"Via Piave 20, 20021, BOLLATE, (MI)",3351820629,cavhara@fondazionesomaschi.it,,: Lunedì dalle 14:00 alle 18:00; martedì dalle 17:00 alle 20:00; venerdì dalle 10:00 alle 13:00,45.541014,9.116292
CENTRO ANTIVIOLENZA HARA,Centro,"Via Meda, 20, 20017, RHO, (MI)",3351820629,cavhara@fondazionesomaschi.it,https://centroantiviolenzahara.it/,Lunedì e mercoledì dalle 9:00 alle 13.00; martedì dalle 13:00 alle 17:00; giovedì dalle 15:00 alle 19:00; sabato dalle 14.30 alle 17.30,45.526619,9.041474
BUTTERFLY - LA LIBERTÀ IN UN BATTITO D'ALI,Centro,"Via Ferdinando Bertoni, 6, BRESCIA, (BS)",3385216112,responsabilecav@butterflycs.it,https://butterflycs.it/,Dal lunedì al venerdì dalle 9:00 alle 17:00,45.53233,10.24211
FILO ROSA AUSER,Centro,"Via Pasubio, 21, LEGNANO, (MI)",3483212482,auserfilorosa@libero.it,https://filorosaauser.co/,"martedì, giovedì e sabato 10:00-13:00; mercoledì e venerdì 16:00-19:00. Il servizio di reperibilità telefonica è garantito 24 ore su 24.",45.58848,8.906683
SPORTELLO DI CASTANO PRIMO,Sportello,"Via Moroni, 8, 20022, CASTANO PRIMO, (MI)",3926784436,auserfilorosa@libero.it,,: martedì 14:00-17:00 - giovedì 9:30-12:30,45.551833,8.778412
ASSOCIAZIONE C.H.I.A.R.A. ONLUS,Centro,"Via Martinelli, 4, 27058, VOGHERA, (PV)",0383 / 1915589,centroantiviolenzachiara@gmail.com,http://www.associazionechiara.com,Dal lunedì al venerdì 16:00-19:00 - giovedì 15:30-19:00. Il servizio di reperibilità telefonica è garantito 24 ore su 24 al numero 328 9556295,44.990489,9.00796
SPORTELLO DI OSPITALETTO,Sportello,"Via Monsignor Rizzi, 1/5, 25035, OSPITALETTO, (BS)",3891053337,nonseisola.ambito2@gmail.com,,: Giovedì dalle 14:30 alle 18:30,45.556566,10.073682
SPORTELLO DI FLERO,Sportello,"P.zza IV Novembre, 2, 25020, FLERO, (BS)",3806522730,nonseisola.ambito3@gmail.com,,: Lunedì 14:30 - 17:30,45.484655,10.174214
SPORTELLO DI NUVOLERA,Sportello,"Piazza Gen. Luigi Soldo, 25080, NUVOLERA, (BS)",3806522730,nonseisola.ambito3@gmail.com,,: Sabato dalle 9.30 alle 13.30,45.531601,10.371729
CASA DELLE DONNE BRESCIA,Centro,"Via San Faustino, 38, 25122, BRESCIA, (BS)",333 1258139,vivianacassini13@gmail.com,http://www.casadelledonne-bs.it,Dal lunedì al venerdì dalle 9:30 alle 12:30 e dalle 15:00 alle 18:00,45.542162,10.219614
COOPERATIVA LIBERAMENTE ONLUS,Centro,"Corso Garibaldi, 69, 27100, PAVIA, (PV)",0382/32136 - 800306850 - 3342606499,liberamentepv@gmail.com,http://www.centroantiviolenzapavia.it,Dal lunedì al venerdì 9:00-18:00. Il servizio di reperibilità telefonica è garantito 24 ore su 24 al numero 334 2606499,45.182091,9.15958
