nome,tipo,indirizzo,telefono,email,sito_web,orari,codice_rosa,bollino_rosa,latitudine,longitudine
Spedali Civili Brescia Montichiari,Pronto Soccorso,"Via Ciotti 154, 25123, Montichiari",+39 030 39951,protocollo.spedalicivilibrescia@legalmail.it,https://asst-spedalicivili.it/strutture/ospedale-montichiari,"Mo-Sa 13:00-14:00, 18:45-20:00; Su 14:30-16:30",Disponibile,no,45.4104244,10.4087873
Pronto Soccorso Ospedale Moriggia Pelascini,Pronto Soccorso,"Via Moriggia Pelascini, 22015, Gravedona",112 / 118,,,H24 (Pronto Soccorso),Disponibile,no,46.1420975,9.2994208
Pronto Soccorso Presidio Ospedaliero Buzzi,Pronto Soccorso,Indirizzo non disponibile,112 / 118,,,H24 (Pronto Soccorso),Disponibile,no,45.4861586,9.1676563
Pronto Soccorso,Pronto Soccorso,"Via San Barnaba, 20122, Milano",112 / 118,,https://www.policlinico.mi.it/reparti/58/pronto-soccorso-1,24/7,Disponibile,no,45.4592388,9.1961176
Pronto Soccorso Ospedale San Paolo,Pronto Soccorso,Indirizzo non disponibile,112 / 118,,,H24 (Pronto Soccorso),Disponibile,no,45.4335515,9.1611166
Pronto Soccorso Ospedale Civile Vigevano,Pronto Soccorso,"27029, Vigevano",112 / 118,,,H24 (Pronto Soccorso),Disponibile,no,45.3199258,8.8648978
Pronto Soccorso Ospedale  Morbegno,Pronto Soccorso,"23017, Morbegno",112 / 118,,,H24 (Pronto Soccorso),Disponibile,no,46.1337274,9.5736467
Pronto soccorso ospedale di Chiavenna,Pronto Soccorso,"23022, Chiavenna",112 / 118,,,H24 (Pronto Soccorso),Disponibile,no,46.3217151,9.3992887
Pronto Soccorso,Pronto Soccorso,Indirizzo non disponibile,112 / 118,,,H24 (Pronto Soccorso),Disponibile,no,45.5539996,10.2274266
Pronto Soccorso Ostetrico,Pronto Soccorso,Indirizzo non disponibile,112 / 118,,,H24 (Pronto Soccorso),Disponibile,no,45.5115592,9.187671
Pronto Soccorso Istituto Gaetano Pini,Pronto Soccorso,"Via Quadronno 25, 20122, Milano",+39 02 5829 6564,,,24/7,Disponibile,no,45.4541872,9.1941394
Pronto Soccorso Oculistico,Pronto Soccorso,Indirizzo non disponibile,112 / 118,,,H24 (Pronto Soccorso),Disponibile,no,45.4795613,9.1915073
Pronto Soccorso Medico Chirurgico e Pediatrico,Pronto Soccorso,Indirizzo non disponibile,112 / 118,,,H24 (Pronto Soccorso),Disponibile,no,45.478834,9.1905419
Pronto Soccorso Ospedale San Carlo Borromeo,Pronto Soccorso,Indirizzo non disponibile,112 / 118,,,H24 (Pronto Soccorso),Disponibile,no,45.4694247,9.1140871
Pronto Soccorso Centro Cardiologico Monzino,Pronto Soccorso,Indirizzo non disponibile,112 / 118,,,H24 (Pronto Soccorso),Disponibile,no,45.4438394,9.2606454
Ospedale di Circolo - Fondazione Macchi,Pronto Soccorso,Indirizzo non disponibile,112 / 118,,http://www.ospedalivarese.net/,H24 (Pronto Soccorso),Disponibile,no,45.8089209,8.8400256
ASST Grande Ospedale Metropolitano Niguarda,Pronto Soccorso,Indirizzo non disponibile,+39 02 64441,,https://www.ospedaleniguarda.it/,H24 (Pronto Soccorso),Disponibile,no,45.5098828,9.1862442
Ospedale San Carlo Borromeo,Pronto Soccorso,Indirizzo non disponibile,112 / 118,,https://www.asst-santipaolocarlo.it/,H24 (Pronto Soccorso),Disponibile,no,45.4681075,9.114177
Ospedale MultiMedica Castellanza,Pronto Soccorso,"Viale Piemonte 70, 21053",+3902 8687 8889;+390299961999,,https://multimedica.it/strutture/ospedale-multimedica-castellanza/,H24 (Pronto Soccorso),Disponibile,no,45.6004222,8.8723269
Pronto Soccorso,Pronto Soccorso,Indirizzo non disponibile,112 / 118,,,H24 (Pronto Soccorso),Disponibile,no,45.5585504,10.2305874
Ospedale Sant'Antonio Abate,Pronto Soccorso,Indirizzo non disponibile,112 / 118,,,H24 (Pronto Soccorso),Disponibile,no,45.7393431,9.1420265
Istituti Ospedalieri Carlo Poma,Pronto Soccorso,Indirizzo non disponibile,112 / 118,,,H24 (Pronto Soccorso),Disponibile,no,45.1455753,10.7726659
Azienda Ospedaliera Sant'Antonio Abate,Pronto Soccorso,"Via Eusebio Pastori 4, 21013, Gallarate",+39 033 175 1111,,https://www.asst-valleolona.it/,24/7,Disponibile,no,45.6566506,8.7919891
Ospedale Sacra Famiglia Fatebenefratelli,Pronto Soccorso,Indirizzo non disponibile,112 / 118,,,H24 (Pronto Soccorso),Disponibile,no,45.8165571,9.2264991
Ospedale Pesenti Fenaroli,Pronto Soccorso,Indirizzo non disponibile,112 / 118,,,H24 (Pronto Soccorso),Disponibile,no,45.7315767,9.72573
Casa della Sanità,Pronto Soccorso,"Via Freita 1521, 23030, Livigno",112 / 118,,,H24 (Pronto Soccorso),Disponibile,no,46.5176969,10.1244373
Ospedale Civico di Codogno,Pronto Soccorso,"Viale Guglielmo Marconi 1, Codogno",+39 0377 4651,,https://www.asst-lodi.it/dove-siamo-ospedale-di-codogno,H24 (Pronto Soccorso),Disponibile,no,45.1589802,9.7127782
Ospedale San Leopoldo Mandic,Pronto Soccorso,"Largo Beato Leopoldo Mandic 1, 23807, Merate",+39 039 5916431,,,H24 (Pronto Soccorso),Disponibile,no,45.6980994,9.4273927
Ospedale Bassini,Pronto Soccorso,"Via Gorki 50, 20092, Cinisello Balsamo",112 / 118,,,H24 (Pronto Soccorso),Disponibile,no,45.5464656,9.2155297
ASST Brianza - Ospedale di Vimercate,Pronto Soccorso,"Via Santi Cosma e Damiano 10, 20871, Vimercate",+39 039 66541,,https://www.asst-brianza.it,24/7,Disponibile,no,45.6082562,9.3563764
Ospedale Civile di Voghera,Pronto Soccorso,Indirizzo non disponibile,112 / 118,,,H24 (Pronto Soccorso),Disponibile,no,44.9949661,9.0159591
Ospedale di Saronno,Pronto Soccorso,"Piazza don Giuseppe Borella 1, 21047, Saronno",+39 02 96131,,https://www.asst-valleolona.it/ospedali/ospedale-di-saronno/,H24 (Pronto Soccorso),Disponibile,no,45.6301062,9.0397535
Ospedale Civile di Vigevano,Pronto Soccorso,Indirizzo non disponibile,112 / 118,,,H24 (Pronto Soccorso),Disponibile,no,45.3203891,8.8660127
Humanitas Mater Domini,Pronto Soccorso,"Via Gerenzano 2, 21053, Castellanza",+39 0331 476111,,https://www.materdomini.it/,H24 (Pronto Soccorso),Disponibile,no,45.609131,8.9066919
Azienda Ospedaliera di Desenzano del Garda,Pronto Soccorso,Indirizzo non disponibile,112 / 118,,,H24 (Pronto Soccorso),Disponibile,no,45.4714893,10.5206793
Ospedale di Bollate,Pronto Soccorso,Indirizzo non disponibile,112 / 118,,,H24 (Pronto Soccorso),Disponibile,no,45.5402824,9.1165146
Ospedale di Gardone Val Trompia,Pronto Soccorso,"Via Papa Giovanni Ventitreesimo 4, 25063, Gardone Val Trompia",+39 030 8933273,sitr.gardone@asst-spedalicivili.it,https://gardone.asst-spedalicivili.it/servizi/notizie/notizie_homepage.aspx,H24 (Pronto Soccorso),Disponibile,no,45.6764284,10.1838194
Azienda Ospedaliera Treviglio Caravaggio,Pronto Soccorso,"Piazzale Ospedale 1, 24047, Treviglio",+39 0363 4241,,http://www.ospedale.treviglio.bg.it,24/7,Disponibile,no,45.5100233,9.6115303
Istituto di Ricovero e Cura a Carattere Scientifico San Raffaele,Pronto Soccorso,Indirizzo non disponibile,+39 02 26431,info@hsr.it,,H24 (Pronto Soccorso),Disponibile,no,45.5061844,9.2654334
Azienda Ospedaliera Ospedale di Circolo di Busto Arsizio,Pronto Soccorso,Indirizzo non disponibile,+39 0331 699111,,https://www.asst-valleolona.it/presidi/?nP=ospedale-di-busto-arsizio,H24 (Pronto Soccorso),Disponibile,no,45.6225255,8.845622
ASST Brianza - Ospedale Pio XI,Pronto Soccorso,"Via Mazzini 1, 20832, Desio",+39 0362 3851,,https://www.asst-brianza.it,H24 (Pronto Soccorso),Disponibile,no,45.6263347,9.1960779
Ospedale San Gerardo,Pronto Soccorso,"Via Giovanni Battista Pergolesi 33, 20900, Monza",+39 039 2331,,https://www.asst-monza.it/ospedale-san-gerardo,H24 (Pronto Soccorso),Disponibile,no,45.602285,9.2601687
Ospedale Filippo Del Ponte,Pronto Soccorso,Indirizzo non disponibile,112 / 118,,,H24 (Pronto Soccorso),Disponibile,no,45.8155782,8.8344288
Ospedale nuovo di Legnano,Pronto Soccorso,"Via Papa Giovanni Paolo Secondo 3, 20025, Legnano",+39 0331 449111,,https://www.asst-ovestmi.it/,H24 (Pronto Soccorso),Disponibile,no,45.5803294,8.8879341
Ospedale di Circolo - Rho,Pronto Soccorso,"Corso Europa 250, 20017, Rho",112 / 118,,http://www.aogarbagnate.lombardia.it/salviniweb/hrho.html,H24 (Pronto Soccorso),Disponibile,no,45.5345193,9.0347442
Ospedale Valduce,Pronto Soccorso,Indirizzo non disponibile,112 / 118,,,H24 (Pronto Soccorso),Disponibile,no,45.8104854,9.0881862
Ospedale Sant'Anna di Como,Pronto Soccorso,Indirizzo non disponibile,112 / 118,,,H24 (Pronto Soccorso),Disponibile,no,45.7932135,9.045615
Soccorso degli Alpini,Pronto Soccorso,"Via degli Alpini 3, 23826, Mandello del Lario",112 / 118,,https://www.soccorsodeglialpini.it/,H24 (Pronto Soccorso),Disponibile,no,45.9181046,9.3228785
Ospedale di Chiavenna,Pronto Soccorso,"Via della Cereria 4, 23022, Chiavenna",+39034367111,direzionemedica.ch@asst-val.it,https://www.asst-val.it/chiavenna,H24 (Pronto Soccorso),Disponibile,no,46.3217759,9.399787
Ospedale Alessandro Manzoni,Pronto Soccorso,"Via dell'Eremo 9;11, 23900, Lecco",112 / 118,,,H24 (Pronto Soccorso),Disponibile,no,45.852056,9.415021
A.S.S.T. - Franciacorta,Pronto Soccorso,"Viale Giuseppe Mazzini 4, 25032, Chiari",112 / 118,,,H24 (Pronto Soccorso),Disponibile,no,45.5380785,9.9344506
"Ospedale di Calcinate ""F.M. Passi""",Pronto Soccorso,"Piazza Ospedale 3, 24050, Calcinate",112 / 118,,,H24 (Pronto Soccorso),Disponibile,no,45.6203072,9.7976798
ASST Brianza - Ospedale di Carate Brianza,Pronto Soccorso,"Viale Mosè Bianchi 9, 20841, Carate Brianza",+39 0362 9841,,https://www.asst-brianza.it,H24 (Pronto Soccorso),Disponibile,no,45.6706491,9.2463629
Ospedale Costantino Cantù,Pronto Soccorso,Indirizzo non disponibile,112 / 118,,,H24 (Pronto Soccorso),Disponibile,no,45.3941714,8.912882
Policlinico San Marco,Pronto Soccorso,Corso Europa 7,+39 035 886111,info.psm@grupposandonato.it,https://www.grupposandonato.it/strutture/policlinico-san-marco,H24 (Pronto Soccorso),Disponibile,no,45.6042366,9.5909715
Ospedale Santissima Trinità,Pronto Soccorso,Indirizzo non disponibile,+39 0363 9901,info@ospedale.treviglio.bg.it,http://www.ospedale.treviglio.bg.it/85.asp,H24 (Pronto Soccorso),Disponibile,no,45.5195862,9.7503993
Ospedale di Asola,Pronto Soccorso,Indirizzo non disponibile,112 / 118,,,H24 (Pronto Soccorso),Disponibile,no,45.2234991,10.4111058
Ospedale Carlo Ondoli,Pronto Soccorso,"Via Bordini 9, 21021, Angera",112 / 118,,,H24 (Pronto Soccorso),Disponibile,no,45.7756028,8.5789299
Presidio Ospedaliero di Vizzolo Predabissi,Pronto Soccorso,"Via Pandina 1, 20070, Vizzolo Predabissi",112 / 118,,,H24 (Pronto Soccorso),Disponibile,no,45.3584424,9.3410013
Ospedale San Giuseppe,Pronto Soccorso,Indirizzo non disponibile,+39 02 85991,,https://www.multimedica.it/it/hospital/ospedale-san-giuseppe/030367,H24 (Pronto Soccorso),Disponibile,no,45.4635012,9.1719085
Presidio Ospedaliero Gaetano Pini - ASST Pini-CTO,Pronto Soccorso,"Piazza Cardinale Andrea Ferrari 1, 20122, Milano",+39 02 582961,,https://www.asst-pini-cto.it,H24 (Pronto Soccorso),Disponibile,no,45.4548738,9.1937126
Ospedale Macedonio Melloni,Pronto Soccorso,Indirizzo non disponibile,112 / 118,,,H24 (Pronto Soccorso),Disponibile,no,45.4663415,9.2190851
Ospedale Giuseppe Fornaroli,Pronto Soccorso,"Via al donatore di sangue 50, 20013, Magenta",+39 02 979631,,https://www.asst-ovestmi.it/,H24 (Pronto Soccorso),Disponibile,no,45.4709187,8.8936127
Pronto Soccorso Pediatrico Cavaliere del Lavoro Francesco Folonari,Pronto Soccorso,Indirizzo non disponibile,112 / 118,,,H24 (Pronto Soccorso),Disponibile,no,45.555981,10.2308212
Ospedale di Suzzara,Pronto Soccorso,"Via Generale Cantore 14b, 46029, Suzzara",+39 03 76 51 74 17,urp@ospedaledisuzzara.it,https://ospedaledisuzzara.it/,H24 (Pronto Soccorso),Disponibile,no,44.9871019,10.7546543
Policlinico San Pietro,Pronto Soccorso,Indirizzo non disponibile,112 / 118,,,H24 (Pronto Soccorso),Disponibile,no,45.6989952,9.5753796
Ospedale Civile di San Giovanni Bianco,Pronto Soccorso,"Via Castelli 5, 24015, San Giovanni Bianco",112 / 118,,http://www.asst-pg23.it/2017/02/_ospedale_s_g_bianco/#,H24 (Pronto Soccorso),Disponibile,no,45.871144,9.6546571
I.R.C.C.S. Policlinico San Donato,Pronto Soccorso,Indirizzo non disponibile,112 / 118,,https://www.grupposandonato.it/strutture/policlinico-san-donato,H24 (Pronto Soccorso),Disponibile,no,45.4104114,9.2771243
Ospedale Guido Salvini,Pronto Soccorso,"Viale Carlo Forlanini 95, 20024, Garbagnate Milanese",+3902994301,,https://www.asst-rhodense.it/inew/nuovo-sito/home/ospedali/garbagnate-milanese.html,H24 (Pronto Soccorso),Disponibile,no,45.5831611,9.0946521
ASST Lariana,Pronto Soccorso,Indirizzo non disponibile,112 / 118,,,H24 (Pronto Soccorso),Disponibile,no,46.0185516,9.2280077
Ospedale Galeazzi Sant'Ambrogio,Pronto Soccorso,"Via Cristina Belgioioso 173, 20157, Milano",+39 02 8350 0010,,https://www.grupposandonato.it/strutture/ospedale-galeazzi-sant-ambrogio,H24 (Pronto Soccorso),Disponibile,no,45.5223366,9.0963815
Struttura Sanitaria di Bormio,Pronto Soccorso,"Via Agoi 8, 23032, Bormio",112 / 118,,,H24 (Pronto Soccorso),Disponibile,no,46.4615201,10.3595803
Ospedale di Cuasso al Monte,Pronto Soccorso,Indirizzo non disponibile,112 / 118,,,H24 (Pronto Soccorso),Disponibile,no,45.9105553,8.8591064
Ospedale San Paolo,Pronto Soccorso,Via Antonio di Rudinì 8,+39 02 81 841,,https://www.asst-santipaolocarlo.it,H24 (Pronto Soccorso),Disponibile,no,45.4343037,9.1598838
Centro Cardiologico Monzino,Pronto Soccorso,Indirizzo non disponibile,+39 02 580021,,http://www.cardiologicomonzino.it/,H24 (Pronto Soccorso),Disponibile,no,45.4438508,9.2617366
Istituto Clinico Città Studi,Pronto Soccorso,Indirizzo non disponibile,112 / 118,,,H24 (Pronto Soccorso),Disponibile,no,45.4852492,9.2250623
Istituto Scientifico Ospedale San Luca,Pronto Soccorso,"Piazzale Brescia 20, 20149, Milano",112 / 118,,,H24 (Pronto Soccorso),Disponibile,no,45.4721197,9.1451981
